siren,nom,site_web,email,page_url
890331879,AFI IMMOBILIER,https://afi-conseil.fr/,support@o2switch.fr,https://afi-conseil.fr/
848566469,Agence LOUIS-BERECOCHEA,https://www.louis-berecochea.fr/resultats?transac=vente,contact@louis-berecochea.fr,https://www.louis-berecochea.fr/resultats?transac=vente
848566469,Agence LOUIS-BERECOCHEA,https://www.louis-berecochea.fr/resultats?transac=vente,transaction@louis-berecochea.fr,https://www.louis-berecochea.fr/resultats?transac=vente
901257345,AEV IMMO,https://aev.immo/fr/,eliandobler@aev.immo,https://aev.immo/fr/notre-agence
901257345,AEV IMMO,https://aev.immo/fr/,immo.aev@gmail.com,https://aev.immo/fr/
901257345,AEV IMMO,https://aev.immo/fr/,romuald.laposta@aev.immo,https://aev.immo/fr/notre-agence
901257345,AEV IMMO,https://aev.immo/fr/,v.roger@aev.immo,https://aev.immo/fr/notre-agence
434554150,AGENCE BAGUELIN IMMOBILIER,http://www.baguelin-immobilier.com/,contact@baguelin-immobilier.com,"https://www.baguelin-immobilier.com/politique-de-confidentialite,121"
434554150,AGENCE BAGUELIN IMMOBILIER,http://www.baguelin-immobilier.com/,litiges@cm2c.net,"https://www.baguelin-immobilier.com/mentions-legales,113"
878870617,COOLOC,https://cooloc.com/,contact@cooloc.com,https://cooloc.com/fr
878870617,COOLOC,https://cooloc.com/,partenariats@cooloc.com,https://cooloc.com/fr/mentions-legales
943355586,Durant Immo,https://durant-immo.fr/,contact@rentaimmo.com,https://durant-immo.fr/mentions_legales.html
943355586,Durant Immo,https://durant-immo.fr/,florent@durant-immo.fr,https://durant-immo.fr/
802446252,GIPSE,https://www.gipse.net/,gestion@gipse.net,https://www.gipse.net/
507960276,ARNAUD DROULERS IMMOBILIER,https://www.arnaud-droulersimmo.com/,arnaud.droulers@yahoo.fr,https://www.arnaud-droulersimmo.com/
507960276,ARNAUD DROULERS IMMOBILIER,https://www.arnaud-droulersimmo.com/,c.blanchy@cabinet-bordeaux-mediation.fr,https://www.arnaud-droulersimmo.com/mentions-legales
882723026,Fimeo,https://www.fimeo.fr/,contact@fimeo.fr,https://www.fimeo.fr/
900862475,A&M IMMOBILIER,http://www.aetmimmobilier.fr/,a.miglianico@aetmimmobilier.fr,https://aetmimmobilier.fr/fr/notre-equipe
900862475,A&M IMMOBILIER,http://www.aetmimmobilier.fr/,b.gaillard@aetmimmobilier.fr,https://aetmimmobilier.fr/fr/notre-equipe
900862475,A&M IMMOBILIER,http://www.aetmimmobilier.fr/,b.reisinger@aetmimmobilier.fr,https://aetmimmobilier.fr/fr/notre-equipe
900862475,A&M IMMOBILIER,http://www.aetmimmobilier.fr/,contact@aetmimmobilier.fr,https://aetmimmobilier.fr/fr/propriete-87231030-l-isle-d-espagnac
900862475,A&M IMMOBILIER,http://www.aetmimmobilier.fr/,d.lucas@aetmimmobilier.fr,https://aetmimmobilier.fr/fr/notre-equipe
900862475,A&M IMMOBILIER,http://www.aetmimmobilier.fr/,e.caillaud@aetmimmobilier.fr,https://aetmimmobilier.fr/fr/notre-equipe
900862475,A&M IMMOBILIER,http://www.aetmimmobilier.fr/,e.defreitas@aetmimmobilier.fr,https://aetmimmobilier.fr/fr/notre-equipe
900862475,A&M IMMOBILIER,http://www.aetmimmobilier.fr/,f.muller@aetmimmobilier.fr,https://aetmimmobilier.fr/fr/notre-equipe
900862475,A&M IMMOBILIER,http://www.aetmimmobilier.fr/,f.souil@aetmimmobilier.fr,https://aetmimmobilier.fr/fr/notre-equipe
900862475,A&M IMMOBILIER,http://www.aetmimmobilier.fr/,l.lucas@aetmimmobilier.fr,https://aetmimmobilier.fr/fr/notre-equipe
900862475,A&M IMMOBILIER,http://www.aetmimmobilier.fr/,n.rosenberger@aetmimmobilier.fr,https://aetmimmobilier.fr/fr/notre-equipe
900862475,A&M IMMOBILIER,http://www.aetmimmobilier.fr/,s.renard@aetmimmobilier.fr,https://aetmimmobilier.fr/fr/notre-equipe
900862475,A&M IMMOBILIER,http://www.aetmimmobilier.fr/,v.dagnaud@aetmimmobilier.fr,https://aetmimmobilier.fr/fr/notre-equipe
447995309,Ba-immobilier,http://www.ba-immo.fr/,hoerdtpatriceotto@hotmail.frtel,http://www.ba-immo.fr/annonces/vente-local-dactivite-hoerdt-agence-immobiliere-1590/
447995309,Ba-immobilier,http://www.ba-immo.fr/,patriceotto@hotmail.fr,http://www.ba-immo.fr/annonces/vente-local-dactivite-hoerdt-agence-immobiliere-1590/
860200310,ASSEMBLIA,https://www.assemblia.fr/,agence-allier@assemblia.fr,https://www.assemblia.fr/contact/
860200310,ASSEMBLIA,https://www.assemblia.fr/,agence-pardieu@assemblia.fr,https://www.assemblia.fr/contact/
860200310,ASSEMBLIA,https://www.assemblia.fr/,contact@assemblia.fr,https://www.assemblia.fr/contactez-nous/
860200310,ASSEMBLIA,https://www.assemblia.fr/,contact@logidome.com,https://www.assemblia.fr/
860200310,ASSEMBLIA,https://www.assemblia.fr/,contact@ombrieresdauvergne.fr,https://www.assemblia.fr/ombrieres-dauvergne/
860200310,ASSEMBLIA,https://www.assemblia.fr/,dpo@assemblia.fr,https://www.assemblia.fr/contactez-nous/
937487163,BAUGES IMMOBILIER,http://www.bauges-immobilier.com/,gjanin@baugimmo.com,https://bauges-immobilier.com/fr/l-agence
937487163,BAUGES IMMOBILIER,http://www.bauges-immobilier.com/,kjanin@baugimmo.com,https://bauges-immobilier.com/fr/l-agence
937487163,BAUGES IMMOBILIER,http://www.bauges-immobilier.com/,lrabilloud@baugimmo.com,https://bauges-immobilier.com/fr/l-agence
937487163,BAUGES IMMOBILIER,http://www.bauges-immobilier.com/,sasbaugimmo@gmail.com,https://bauges-immobilier.com/fr/
901349639,BRAGA IMMOBILIER,https://www.bragaimmobilier.com/,adrien.baly@bragaimmobilier.com,https://www.bragaimmobilier.com/equipe/
901349639,BRAGA IMMOBILIER,https://www.bragaimmobilier.com/,benjamin.dagbert@bragaimmobilier.com,https://www.bragaimmobilier.com/equipe/
901349639,BRAGA IMMOBILIER,https://www.bragaimmobilier.com/,contact@bragaimmobilier.com,https://www.bragaimmobilier.com/
901349639,BRAGA IMMOBILIER,https://www.bragaimmobilier.com/,flora.bauvin@bragaimmobilier.com,https://www.bragaimmobilier.com/equipe/
901349639,BRAGA IMMOBILIER,https://www.bragaimmobilier.com/,jeanbaptiste.lecaille@bragaimmobilier.com,https://www.bragaimmobilier.com/equipe/
901349639,BRAGA IMMOBILIER,https://www.bragaimmobilier.com/,jeremy.tintillier@bragaimmobilier.com,https://www.bragaimmobilier.com/
901349639,BRAGA IMMOBILIER,https://www.bragaimmobilier.com/,julie.vandevoorde@bragaimmobilier.com,https://www.bragaimmobilier.com/equipe/
901349639,BRAGA IMMOBILIER,https://www.bragaimmobilier.com/,julien.bourlois@bragaimmobilier.com,https://www.bragaimmobilier.com/
901349639,BRAGA IMMOBILIER,https://www.bragaimmobilier.com/,laura.chochois@bragaimmobilier.com,https://www.bragaimmobilier.com/equipe/
901349639,BRAGA IMMOBILIER,https://www.bragaimmobilier.com/,mathilde.germe@bragaimmobilier.com,https://www.bragaimmobilier.com/equipe/
901349639,BRAGA IMMOBILIER,https://www.bragaimmobilier.com/,maxime.duflos@bragaimmobilier.com,https://www.bragaimmobilier.com/equipe/
901349639,BRAGA IMMOBILIER,https://www.bragaimmobilier.com/,melina.vandamme@bragaimmobilier.com,https://www.bragaimmobilier.com/equipe/
901349639,BRAGA IMMOBILIER,https://www.bragaimmobilier.com/,nicolas.pruvost@bragaimmobilier.com,https://www.bragaimmobilier.com/equipe/
901349639,BRAGA IMMOBILIER,https://www.bragaimmobilier.com/,sophie.joyez@bragaimmobilier.com,https://www.bragaimmobilier.com/equipe/
901349639,BRAGA IMMOBILIER,https://www.bragaimmobilier.com/,timeo.feutry@bragaimmobilier.com,https://www.bragaimmobilier.com/equipe/
901349639,BRAGA IMMOBILIER,https://www.bragaimmobilier.com/,xavier.bray@bragaimmobilier.com,https://www.bragaimmobilier.com/equipe/
982696320,KHAN Immobilier,https://www.khan-groupe.com/,thomas@khan-groupe.com,https://www.khan-groupe.com/
948413398,AVA IMMOBILIER NANCY,http://www.ava-immobilier.fr/,contact@ava-immobilier.fr,https://www.ava-immobilier.fr/politique-de-confidentialite/
948413398,AVA IMMOBILIER NANCY,http://www.ava-immobilier.fr/,jamila@axeocom.fr,https://www.ava-immobilier.fr/property/appartement-nancy-3-pieces-73-90-m2/
948413398,AVA IMMOBILIER NANCY,http://www.ava-immobilier.fr/,jrousselot@xl-immo.net,https://www.ava-immobilier.fr/property/appartement-nancy-place-stanislas/
434851861,IMMOFIDES,https://www.immofides.fr/,immofides@aol.com,https://www.immofides.fr/
977680222,COMMERCE & PROPRIETE immobilier,https://www.commerce-et-propriete.com/,contact@mcpmediation.org,"https://www.commerce-et-propriete.com/mentions-legales,113"
812086817,CAP HOME IMMOBILIER,http://www.caphome-immobilier.fr/,caphomeimmobilier@gmail.com,https://www.caphome-immobilier.fr/
812086817,CAP HOME IMMOBILIER,http://www.caphome-immobilier.fr/,contact@la-boite-immo.com,https://www.caphome-immobilier.fr/mentions-legales
908292253,Cheztoit immo,https://www.cheztoitimmo.fr/,c.charton@cheztoitimmo.fr,https://www.cheztoitimmo.fr/equipe/
908292253,Cheztoit immo,https://www.cheztoitimmo.fr/,contact@cheztoitimmo.fr,https://www.cheztoitimmo.fr/
908292253,Cheztoit immo,https://www.cheztoitimmo.fr/,contact@la-boite-immo.com,https://www.cheztoitimmo.fr/mentions-legales
908292253,Cheztoit immo,https://www.cheztoitimmo.fr/,d.gracien@cheztoitimmo.fr,https://www.cheztoitimmo.fr/equipe/
908292253,Cheztoit immo,https://www.cheztoitimmo.fr/,d.hollande@cheztoitimmo.fr,https://www.cheztoitimmo.fr/equipe/
908292253,Cheztoit immo,https://www.cheztoitimmo.fr/,e.cerer@cheztoitimmo.fr,https://www.cheztoitimmo.fr/equipe/
908292253,Cheztoit immo,https://www.cheztoitimmo.fr/,j.dubos@cheztoitimmo.fr,https://www.cheztoitimmo.fr/equipe/
984916353,MV IMMOBILIER,https://www.immobilier-mv.com/,contact@immobilier-mv.com,https://www.immobilier-mv.com/
819947011,LES PROS DE L'IMMOBILIER,http://www.lesprosdelimmobilier.fr/,cabinet-lba@avocatline.fr,http://www.lesprosdelimmobilier.fr/page-mentions-legales.html
819947011,LES PROS DE L'IMMOBILIER,http://www.lesprosdelimmobilier.fr/,lesprosdelimmobilier@gmail.com,http://www.lesprosdelimmobilier.fr/page-mentions-legales.html
441211588,Centre Immobilier Diderot,http://www.centre-immobilier-diderot.com/,cid.pauline@orange.fr,https://www.centre-immobilier-diderot.com/
441211588,Centre Immobilier Diderot,http://www.centre-immobilier-diderot.com/,cid.planchard@wanadoo.fr,https://www.centre-immobilier-diderot.com/
441211588,Centre Immobilier Diderot,http://www.centre-immobilier-diderot.com/,youremail@gmail.com,https://www.centre-immobilier-diderot.com/
820125904,Terence Frank Real Estate | Nice,http://terencefrank.com/fr/,info@terencefrank.com,http://terencefrank.com/fr/
477593768,primera développement,http://www.primadev.fr/,contact@primadev.fr,https://www.primadev.fr/mentions.php
492103676,SEGRE IMMOBILIER,http://www.segreimmobilier.fr/,bertrand.boccard@gmail.com,https://www.segreimmobilier.fr/contact.php
913371134,TERRENLOT,https://www.terrenlot.com/saint-bueil/,stephane.bugnon@terrenlot.com,https://www.terrenlot.com/saint-bueil/
913371134,TERRENLOT,https://www.terrenlot.com/saint-bueil/,vous@exemple.fr,https://www.terrenlot.com/saint-bueil/
823517727,Novelio Immobilier,https://www.novelio-immobilier.fr/,contact@anmconso.com,"https://www.novelio-immobilier.fr/politique-de-confidentialite,121"
823517727,Novelio Immobilier,https://www.novelio-immobilier.fr/,contact@novelio-immobilier.fr,"https://www.novelio-immobilier.fr/politique-de-confidentialite,121"
817624539,Cabinet Bono,https://www.immobono.fr/,cabinetbono@immobono.fr,"https://www.immobono.fr/contact,110"
817624539,Cabinet Bono,https://www.immobono.fr/,mediation@vivons-mieux-ensemble.fr,"https://www.immobono.fr/mentions-legales,113"
817624539,Cabinet Bono,https://www.immobono.fr/,valentin@immobono.fr,"https://www.immobono.fr/politique-de-confidentialite,121"
808757678,LT Transactions,https://lttransactions.com/,contact@breizh-tandem.fr,https://lttransactions.com/nos-biens/belle-maison-proche-bourg-de-plumelec/
808757678,LT Transactions,https://lttransactions.com/,contact@lttransactions.com,https://lttransactions.com/
942313784,PARENT IMMOBILIER La Souterraine,http://parent-immobilier.fr/,contact@la-boite-immo.com,https://www.parent-immobilier.fr/mentions-legales
942313784,PARENT IMMOBILIER La Souterraine,http://parent-immobilier.fr/,contact@parent-immobilier.fr,https://www.parent-immobilier.fr/
684801293,TOURAINE LOGEMENT,https://www.touraine-logement.fr/,servicedpo@touraine-logement.fr,https://www.touraine-logement.fr/mentions-legales.html
819313404,LV IMMOBILIER,https://lvimmobilier.net/fr/,contact@medimmoconso.fr,https://lvimmobilier.net/fr/mentions-legales
819313404,LV IMMOBILIER,https://lvimmobilier.net/fr/,ctronche.immobilier@gmail.com,https://lvimmobilier.net/fr/propri%C3%A9t%C3%A9/87123321
819313404,LV IMMOBILIER,https://lvimmobilier.net/fr/,dmadrolleimmo@gmail.com,https://lvimmobilier.net/fr/propri%C3%A9t%C3%A9/87318892
819313404,LV IMMOBILIER,https://lvimmobilier.net/fr/,guillaume.berdeil104@gmail.com,https://lvimmobilier.net/fr/propri%C3%A9t%C3%A9/85934100
819313404,LV IMMOBILIER,https://lvimmobilier.net/fr/,lisafraisse@gmail.com,https://lvimmobilier.net/fr/propri%C3%A9t%C3%A9/87292067
819313404,LV IMMOBILIER,https://lvimmobilier.net/fr/,lvimmobilier31810@gmail.com,https://lvimmobilier.net/fr/agence/21183
819313404,LV IMMOBILIER,https://lvimmobilier.net/fr/,menis.clara@gmail.com,https://lvimmobilier.net/fr/propri%C3%A9t%C3%A9/87358114
819313404,LV IMMOBILIER,https://lvimmobilier.net/fr/,venerque.immobilier@orange.fr,https://lvimmobilier.net/fr/mentions-legales
499418390,Toutabitat,http://www.toutabitat.com/,contact@toutabitat.com,https://www.toutabitat.com/
499418390,Toutabitat,http://www.toutabitat.com/,giovanni.fiore@orange.fr,https://www.toutabitat.com/contact
499418390,Toutabitat,http://www.toutabitat.com/,marina.lequeux@toutabitat.com,https://www.toutabitat.com/contact
499418390,Toutabitat,http://www.toutabitat.com/,n.santilli@toutabitat.com,https://www.toutabitat.com/contact
499418390,Toutabitat,http://www.toutabitat.com/,nadiatoutabitat@gmail.com,https://www.toutabitat.com/immobiliers/ardennes/exclusivite-maison-90m2-entierement-renovee-4262
499418390,Toutabitat,http://www.toutabitat.com/,o.oudin@toutabitat.com,https://www.toutabitat.com/contact
499418390,Toutabitat,http://www.toutabitat.com/,r.decarreaux@toutabitat.com,https://www.toutabitat.com/contact
499418390,Toutabitat,http://www.toutabitat.com/,s.chibane.conseiller.immo@hotmail.com,https://www.toutabitat.com/immobiliers/ardennes/offre-exclusive-immeuble-de-rapport-%C3%A0-nouzonville-de-270-m%C2%B2-3402
499418390,Toutabitat,http://www.toutabitat.com/,sebastien.delgiglio@toutabitat.com,https://www.toutabitat.com/contact
499418390,Toutabitat,http://www.toutabitat.com/,travaux@toutabitat.com,https://www.toutabitat.com/contact
